Workbook

Sheet Sheet 1
A1: BỆNH VIỆN THAN - KHOÁNG SẢN
A2: CƠ SỞ 2
A3: KHOA YHCT-PHCN
A4: BẢNG KÊ PHẪU THUẬT - THỦ THUẬT
A5: THÁNG….NĂM 2026
A6: STT | B6: HỌ VÀ TÊN | C6: LOẠI PHẪU THUẬT - THỦ THUẬT | I6: TỔNG | J6: GHI CHÚ
C7: LOẠI I | E7: LOẠI II | G7: LOẠI III
C8: 37500 | E8: 19500 | G8: 15000
C9: SỐ LƯỢNG | D9: SỐ TIỀN | E9: SỐ LƯỢNG | F9: SỐ TIỀN | G9: SỐ LƯỢNG | H9: SỐ TIỀN
A10: 1 | B10: Hoàng Đức Đạt | D10: =C10*$C$8 -> 0 | F10: =E10*$E$8 -> 0 | H10: =G10*$G$8 -> 0 | I10: =D10+F10+H10 -> 0
A11: 2 | B11: Lê Thị Thu Hoa | D11: =C11*$C$8 -> 0 | F11: =E11*$E$8 -> 0 | H11: =G11*$G$8 -> 0 | I11: =D11+F11+H11 -> 0
A12: 3 | B12: Nguyễn Thị Duyên Thảo | D12: =C12*$C$8 -> 0 | F12: =E12*$E$8 -> 0 | H12: =G12*$G$8 -> 0 | I12: =D12+F12+H12 -> 0
A13: 4 | B13: Đặng Phong Thái | D13: =C13*$C$8 -> 0 | F13: =E13*$E$8 -> 0 | H13: =G13*$G$8 -> 0 | I13: =D13+F13+H13 -> 0
A14: 5 | B14: Nguyễn Thu Hằng | D14: =C14*$C$8 -> 0 | F14: =E14*$E$8 -> 0 | H14: =G14*$G$8 -> 0 | I14: =D14+F14+H14 -> 0
A15: 6 | B15: Phạm Thạch Khuyến | D15: =C15*$C$8 -> 0 | F15: =E15*$E$8 -> 0 | H15: =G15*$G$8 -> 0 | I15: =D15+F15+H15 -> 0
A16: 7 | B16: Nguyễn Thị Xuân Lương | D16: =C16*$C$8 -> 0 | F16: =E16*$E$8 -> 0 | H16: =G16*$G$8 -> 0 | I16: =D16+F16+H16 -> 0
A17: 8 | B17: Phan Thị Thu Hiền | D17: =C17*$C$8 -> 0 | F17: =E17*$E$8 -> 0 | H17: =G17*$G$8 -> 0 | I17: =D17+F17+H17 -> 0
A18: 9 | B18: Nguyễn Thị Hà | D18: =C18*$C$8 -> 0 | F18: =E18*$E$8 -> 0 | H18: =G18*$G$8 -> 0 | I18: =D18+F18+H18 -> 0
A19: 10 | B19: Phạm Thị Thuyến | D19: =C19*$C$8 -> 0 | F19: =E19*$E$8 -> 0 | H19: =G19*$G$8 -> 0 | I19: =D19+F19+H19 -> 0
A20: 11 | B20: Lê Thị Thu Hiền | D20: =C20*$C$8 -> 0 | F20: =E20*$E$8 -> 0 | H20: =G20*$G$8 -> 0 | I20: =D20+F20+H20 -> 0
A21: 12 | B21: Nguyễn Văn Khính | D21: =C21*$C$8 -> 0 | F21: =E21*$E$8 -> 0 | H21: =G21*$G$8 -> 0 | I21: =D21+F21+H21 -> 0
A22: 13 | B22: Trần Thị Duyên | D22: =C22*$C$8 -> 0 | F22: =E22*$E$8 -> 0 | H22: =G22*$G$8 -> 0 | I22: =D22+F22+H22 -> 0
A23: TỔNG | C23: =SUM(C10:C22) -> 0 | D23: =SUM(D10:D22) -> 0 | E23: =SUM(E10:E22) -> 0 | F23: =SUM(F10:F22) -> 0 | G23: =SUM(G10:G22) -> 0 | H23: =SUM(H10:H22) -> 0 | I23: =D23+F23+H23 -> 0
A25: Tổng tiền bằng chữ:
H26: Mạo Khê, ngày ... tháng …năm …
B27: DUYỆT LÃNH ĐẠO | D27: PT KHOA | H27: NGƯỜI LẬP BIỂU

Sheet Sheet 2
A1: ='Sheet 1'!A1 -> BỆNH VIỆN THAN - KHOÁNG SẢN
A2: ='Sheet 1'!A2 -> CƠ SỞ 2
A3: ='Sheet 1'!A3 -> KHOA YHCT-PHCN
A4: ='Sheet 1'!A4 -> BẢNG KÊ PHẪU THUẬT - THỦ THUẬT
A5: ='Sheet 1'!A5 -> THÁNG….NĂM 2026
A6: LOẠI THỦ THUẬT | B6: SỐ LƯỢNG | D6: TỔNG TIỀN | E6: GHI CHÚ
B7: CHÍNH | C7: PHỤ
A8: Loại I | B8: ='Sheet 1'!C23 -> 0 | D8: =B8*'Sheet 1'!$C$8 -> 0
A9: Loại II | B9: ='Sheet 1'!E23 -> 0 | D9: =B9*'Sheet 1'!$E$8 -> 0
A10: Loại III | B10: ='Sheet 1'!G23 -> 0 | D10: =B10*'Sheet 1'!G8 -> 0
A11: TỔNG | B11: =SUM(B8:B10) -> 0 | D11: =SUM(D8:D10) -> 0
A13: Tổng tiền bằng chữ:
D14: Mạo Khê, ngày ... tháng …năm …
A15: DUYỆT LÃNH ĐẠO | C15: PT KHOA | D15: NGƯỜI LẬP BIỂU

Sheet Sheet 3
A1: ='Sheet 2'!A1 -> BỆNH VIỆN THAN - KHOÁNG SẢN
A2: ='Sheet 2'!A2 -> CƠ SỞ 2
A3: ='Sheet 2'!A3 -> KHOA YHCT-PHCN
A4: ='Sheet 2'!A4 -> BẢNG KÊ PHẪU THUẬT - THỦ THUẬT
A5: ='Sheet 2'!A5 -> THÁNG….NĂM 2026
A6: STT | B6: HỌ VÀ TÊN | E6: CHỨC VỤ | G6: KHOA | I6: SỐ TIỀN
A7: 1 | B7: Hoàng Đức Đạt | E7: BS | G7: YHCT-PHCN | I7: ='Sheet 1'!I10 -> 0
A8: 2 | B8: Lê Thị Thu Hoa | E8: BS | G8: YHCT-PHCN | I8: ='Sheet 1'!I11 -> 0
A9: 3 | B9: Nguyễn Thị Duyên Thảo | E9: BS | G9: YHCT-PHCN | I9: ='Sheet 1'!I12 -> 0
A10: 4 | B10: Đặng Phong Thái | E10: BS | G10: YHCT-PHCN | I10: ='Sheet 1'!I13 -> 0
A11: 5 | B11: Nguyễn Thu Hằng | E11: BS | G11: YHCT-PHCN | I11: ='Sheet 1'!I14 -> 0
A12: 6 | B12: Phạm Thạch Khuyến | E12: BS | G12: YHCT-PHCN | I12: ='Sheet 1'!I15 -> 0
A13: 7 | B13: Nguyễn Thị Xuân Lương | E13: KTV | G13: YHCT-PHCN | I13: ='Sheet 1'!I16 -> 0
A14: 8 | B14: Phan Thị Thu Hiền | E14: KTV | G14: YHCT-PHCN | I14: ='Sheet 1'!I17 -> 0
A15: 9 | B15: Nguyễn Thị Hà | E15: KTV | G15: YHCT-PHCN | I15: ='Sheet 1'!I18 -> 0
A16: 10 | B16: Phạm Thị Thuyến | E16: ĐDT | G16: YHCT-PHCN | I16: ='Sheet 1'!I19 -> 0
A17: 11 | B17: Lê Thị Thu Hiền | E17: KTV | G17: YHCT-PHCN | I17: ='Sheet 1'!I20 -> 0
A18: 12 | B18: Nguyễn Văn Khính | E18: ĐD | G18: YHCT-PHCN | I18: ='Sheet 1'!I21 -> 0
A19: 13 | B19: Trần Thị Duyên | E19: ĐD | G19: YHCT-PHCN | I19: ='Sheet 1'!I22 -> 0
A20: CỘNG | I20: =SUM(I7:J15) -> 0
A22: Tổng tiền bằng chữ:
H23: Mạo Khê, ngày ... tháng …năm …
B24: DUYỆT LÃNH ĐẠO | D24: PT KHOA | H24: NGƯỜI LẬP BIỂU
